"ST_CASE","YEAR","MONTH","DAY_WEEK","HOUR","ST_CO_FIPS","CITY","LATITUDE","LONGITUD","VE_TOTAL","PERSONS","PERMVIT","PERNOTMVIT","FATALS","FUNC_SYS","TYP_INT","REL_ROAD","MAN_COLL","LGT_COND","WEATHER"
"360457",2015,"May","Sat",4,"36103","2920",40.75570833,-73.21283333,1,1,"1","0",1,"Main arterial","Not intersection","Other location","Non-vehicle collision","Dark","Precipitation"
"360458",2015,"Jun","Fri",18,"36053","3910",42.91253333,-75.71026389,2,3,"3","0",1,"Main arterial","4-way intersection","On road","Angled collision","Daylight","Clear"
"360459",2015,"Jun","Mon",5,"36009","2140",42.31045833,-78.41639722,1,1,"1","0",1,"Local road","3-way intersection","Beside road","Non-vehicle collision","Daylight","Foggy or cloudy"
"360460",2015,"Jul","Wed",17,"36119","6040",41.03929722,-73.79131389,1,0,"0","1",1,"Local road","Not intersection","Other location","Non-vehicle collision","Daylight","Clear"
"360461",2015,"May","Thu",23,"36063","4210",43.08944167,-78.98870833,2,2,"2","0",1,"Main arterial","Not intersection","On road","Angled collision","Dark","Clear"
"360462",2015,"Jul","Sun",22,"36109","1590",42.50024167,-76.29811389,1,2,"2","1",1,"Local road","Not intersection","On road","Non-vehicle collision","Dark","Clear"
"360463",2015,"Jul","Thu",2,"36083","4000",42.491075,-73.54903333,1,3,"3","0",1,"Main arterial","Not intersection","Beside road","Non-vehicle collision","Dark","Foggy or cloudy"
"360464",2015,"Jul","Wed",8,"36017","4350",42.54803889,-75.52531111,2,3,"3","0",1,"Minor arterial","3-way intersection","On road","Angled collision","Daylight","Foggy or cloudy"
"360465",2015,"Jul","Wed",15,"36067","6010",43.01926944,-76.16064722,1,1,"1","1",1,"Minor arterial","4-way intersection","On road","Non-vehicle collision","Daylight","Clear"
"360466",2015,"Jul","Wed",19,"36069","2769",42.78586667,-77.498875,1,1,"1","0",1,"Local road","Not intersection","Beside road","Non-vehicle collision","Daylight","Clear"
"360467",2015,"Jul","Fri",9,"36103","5675",40.783275,-72.86444722,1,1,"1","1",1,"Minor arterial","3-way intersection","On road","Non-vehicle collision","Daylight","Clear"
"360468",2015,"Jul","Thu",13,"36043","2120",43.14826389,-75.10505556,2,6,"6","0",1,"Local road","Not intersection","On road","Front collision","Daylight","Precipitation"
"360469",2015,"Jul","Fri",14,"36071","9997",41.37458611,-74.18005556,1,1,"1","0",1,"Main arterial","Not intersection","Beside road","Non-vehicle collision","Daylight","Foggy or cloudy"
"360470",2015,"Jul","Fri",13,"36055","2898",43.19538889,-77.58451667,1,2,"2","0",1,"Main arterial","Not intersection","Beside road","Non-vehicle collision","Daylight","Foggy or cloudy"
"360471",2015,"Jul","Thu",12,"36071","3830",41.28495,-74.17736389,1,1,"1","0",1,"Local road","Not intersection","Beside road","Non-vehicle collision","Daylight","Clear"
"360472",2015,"Jul","Thu",16,"36103","2007",40.90356389,-72.6043,2,4,"4","0",1,"Main arterial","Not intersection","On road","Front collision","Daylight","Foggy or cloudy"
"360473",2015,"Jul","Thu",15,"36017","4562",42.70103056,-75.74602778,3,8,"8","0",1,"Minor arterial","3-way intersection","On road","Angled collision","Daylight","Foggy or cloudy"
"360474",2015,"Jun","Thu",10,"36033","3460",44.87178889,-74.34019722,2,3,"3","0",2,"Minor arterial","3-way intersection","On road","Front collision","Daylight","Clear"
"360475",2015,"Jul","Sat",10,"36059","4600",40.83695,-73.48359444,2,4,"4","0",1,"Local road","3-way intersection","On road","Front collision","Daylight","Foggy or cloudy"
"360476",2015,"Jun","Sat",6,"36071","2550",41.31224722,-74.15455278,1,1,"1","0",1,"Local road","Not intersection","Other location","Non-vehicle collision","Daylight","Clear"
"360477",2015,"Jul","Fri",1,"36119","6820",99.9999,999.9999,1,1,"1","0",1,"Interstate","Not intersection","Beside road","Non-vehicle collision","Dark","Clear"
"360478",2015,"Jul","Fri",12,"36075","3080",43.639625,-75.99276944,1,1,"1","1",1,"Local road","Not intersection","On road","Non-vehicle collision","Daylight","Clear"
"360479",2015,"Jul","Sun",22,"36085","4170",40.58911667,-74.16745556,1,4,"4","0",1,"Minor arterial","4-way intersection","Beside road","Non-vehicle collision","Dark","Foggy or cloudy"
"360480",2015,"Jul","Sun",14,"36059","2600",40.69622222,-73.68258333,2,2,"2","0",1,"Local road","3-way intersection","On road","Angled collision","Daylight","Clear"
"360481",2015,"Jul","Sun",10,"36029","0040",43.07812222,-78.47718889,1,1,"1","0",1,"Local road","Not intersection","Beside road","Non-vehicle collision","Daylight","Clear"
"360482",2015,"Jul","Tue",17,"36089","2330",44.26205278,-75.3431,1,1,"1","0",1,"Collector","Not intersection","Beside road","Non-vehicle collision","Daylight","Clear"
"360483",2015,"Jul","Tue",14,"36081","4170",40.74979722,-73.93793611,1,2,"2","1",1,"Main arterial","3-way intersection","On road","Non-vehicle collision","Daylight","Clear"
"360484",2015,"Jul","Thu",21,"36027","3084",41.72691667,-73.78131389,1,5,"5","0",1,"Main arterial","Not intersection","Beside road","Non-vehicle collision","Dark","Clear"
"360485",2015,"Jul","Fri",6,"36055","0652",99.9999,999.9999,1,1,"1","0",1,"Interstate","Not intersection","On road","Non-vehicle collision","Daylight","Clear"
"360486",2015,"Jul","Thu",20,"36055","6510",43.23647778,-77.52700556,1,1,"1","0",1,"Local road","Not intersection","Beside road","Non-vehicle collision","Dawn or dusk","Clear"
"360487",2015,"Jun","Sat",2,"36067","6010",43.05535278,-76.15343889,1,1,"1","1",1,"Interstate","Not intersection","On road","Non-vehicle collision","Dark","Precipitation"
"360488",2015,"Jul","Thu",21,"36013","3130",42.09806944,-79.30821667,2,4,"4","0",1,"Minor arterial","Not intersection","On road","Angled collision","Dark","Clear"
"360489",2015,"Jul","Fri",0,"36055","2248",43.15652222,-77.71878611,1,1,"1","0",1,"Interstate","Not intersection","On road","Non-vehicle collision","Dark","Clear"
"360490",2015,"Jul","Fri",22,"36091","6731",43.11298333,-73.72498889,2,2,"2","0",1,"Local road","Not intersection","On road","Front collision","Dark","Clear"
"360491",2015,"Jun","Sat",21,"36013","5991",42.09251111,-79.41221944,1,2,"2","0",1,"Local road","Not intersection","Beside road","Non-vehicle collision","Dark","Precipitation"
"360492",2015,"Aug","Sun",1,"36085","4170",40.55371667,-74.14074167,2,1,"1","0",1,"Local road","Not intersection","Other location","Non-vehicle collision","Dark","Clear"
"360493",2015,"May","Thu",21,"36119","2566",41.03024167,-73.82079167,4,5,"5","0",1,"Main arterial","Not intersection","On road","Front collision","Dark","Clear"
"360494",2015,"Aug","Sun",19,"36015","3790",42.26726111,-76.81789167,1,1,"1","0",1,"Local road","Not intersection","Beside road","Non-vehicle collision","Dawn or dusk","Clear"
"360495",2015,"May","Sat",7,"36029","0611",42.69600833,-78.74216944,1,1,"1","1",1,"Local road","Not intersection","Beside road","Non-vehicle collision","Daylight","Clear"
"360496",2015,"Jul","Sun",11,"36119","6820",40.94442778,-73.84775278,1,1,"1","0",1,"Main arterial","Not intersection","Beside road","Non-vehicle collision","Daylight","Clear"
"360497",2015,"Aug","Sun",6,"36075","4085",43.50370556,-76.27833611,1,1,"1","0",1,"Local road","3-way intersection","On road","Non-vehicle collision","Dark","Clear"
"360498",2015,"Jul","Mon",22,"36059","3160",40.88786944,-73.60015556,1,1,"1","0",1,"Local road","Not intersection","On road","Non-vehicle collision","Dark","Clear"
"360499",2015,"Jul","Mon",8,"36105","4905",41.48680833,-74.83416111,1,2,"2","0",1,"Collector","Not intersection","Beside road","Non-vehicle collision","Daylight","Foggy or cloudy"
"360500",2015,"Aug","Mon",7,"36005","4170",40.83658611,-73.82456111,1,1,"1","0",1,"Interstate","Not intersection","Beside road","Non-vehicle collision","Daylight","Clear"
"360501",2015,"Jul","Wed",1,"36033","5401",44.67433889,-74.55058333,1,1,"1","0",1,"Local road","Not intersection","Beside road","Non-vehicle collision","Dark","Clear"
"360502",2015,"Aug","Tue",16,"36027","5110",41.98912778,-73.73481667,1,1,"1","0",1,"Main arterial","Not intersection","Beside road","Non-vehicle collision","Daylight","Clear"
"360503",2015,"Aug","Mon",3,"36015","1850",42.04211667,-76.854525,1,1,"1","0",1,"Main arterial","Not intersection","Beside road","Non-vehicle collision","Dark","Clear"
"360504",2015,"Jul","Wed",15,"36029","1899",99.9999,999.9999,2,2,"2","0",1,"Interstate","Not intersection","On road","Front collision","Daylight","Foggy or cloudy"
"360505",2015,"Aug","Wed",1,"36081","4170",40.65170833,-73.75920278,2,3,"3","0",1,"Main arterial","3-way intersection","On road","Front collision","Dark","Clear"
"360506",2015,"Aug","Wed",17,"36047","4170",40.64871111,-74.01324444,1,1,"1","1",1,"Minor arterial","4-way intersection","On road","Non-vehicle collision","Daylight","Clear"
"360507",2015,"Aug","Sat",0,"36081","4170",40.66650278,-73.77256111,3,4,"4","0",1,"Main arterial","3-way intersection","On road","Angled collision","Dark","Clear"
"360508",2015,"Aug","Fri",0,"36081","4170",99.9999,999.9999,1,1,"1","1",1,"Local road","4-way intersection","On road","Non-vehicle collision","Dark","Clear"
"360509",2015,"Jul","Mon",16,"36033","0395",44.79520833,-74.48059722,1,1,"1","0",1,"Minor arterial","Not intersection","Beside road","Non-vehicle collision","Daylight","Clear"
"360510",2015,"Aug","Thu",13,"36039","0775",42.30076944,-73.99350833,2,3,"3","0",1,"Main arterial","4-way intersection","On road","Angled collision","Daylight","Clear"
"360511",2015,"Jun","Sun",10,"36103","5520",40.76485,-73.08088611,1,1,"1","0",1,"Main arterial","Not intersection","Beside road","Non-vehicle collision","Daylight","Clear"
"360512",2015,"Aug","Sun",23,"36033","1548",44.69413056,-74.5552,1,3,"3","0",1,"Local road","Not intersection","Beside road","Non-vehicle collision","Dark","Clear"
"360513",2015,"May","Tue",23,"36103","0705",99.9999,999.9999,2,2,"2","1",1,"Main arterial","4-way intersection","On road","Non-vehicle collision","Dark","Clear"
"360514",2015,"Aug","Sun",13,"36117","5790",43.22612222,-76.98211667,2,3,"3","0",2,"Minor arterial","Not intersection","On road","Front collision","Daylight","Clear"
"360515",2015,"Aug","Sun",11,"36045","1840",43.76465,-76.19608889,3,8,"8","0",1,"Minor arterial","4-way intersection","On road","Angled collision","Daylight","Clear"
"360516",2015,"Aug","Sun",17,"36015","1850",42.02889167,-76.95428611,1,5,"5","0",1,"Local road","3-way intersection","Beside road","Non-vehicle collision","Daylight","Clear"
"360517",2015,"Aug","Sun",20,"36047","4170",40.69023333,-73.99434444,1,1,"1","1",1,"Main arterial","3-way intersection","On road","Non-vehicle collision","Dawn or dusk","Foggy or cloudy"
"360518",2015,"Aug","Mon",16,"36061","4170",40.75424167,-73.96909722,1,1,"1","3",1,"Main arterial","4-way intersection","Beside road","Non-vehicle collision","Daylight","Clear"
"360519",2015,"Jul","Thu",23,"36029","1117",42.90723889,-78.78423333,1,1,"1","1",1,"Minor arterial","4-way intersection","On road","Non-vehicle collision","Dark","Clear"
"360520",2015,"Jul","Fri",7,"36043","3290",99.9999,999.9999,1,1,"1","0",1,"Interstate","Not intersection","Beside road","Non-vehicle collision","Daylight","Clear"
"360521",2015,"Aug","Mon",6,"36081","4170",40.75085833,-73.779325,4,1,"1","0",1,"Collector","Not intersection","Other location","Non-vehicle collision","Daylight","Clear"
"360522",2015,"Aug","Fri",20,"36093","5550",42.805325,-73.93215556,1,1,"1","2",1,"Collector","Not intersection","On road","Non-vehicle collision","Dark","Foggy or cloudy"
"360523",2015,"Aug","Mon",14,"36091","5470",43.10831389,-73.60041389,3,4,"4","0",1,"Main arterial","Not intersection","On road","Front collision","Daylight","Clear"
"360524",2015,"Aug","Thu",5,"36029","4500",42.73032778,-78.77072222,2,2,"2","0",1,"Main arterial","Not intersection","On road","Front collision","Dawn or dusk","Clear"
"360525",2015,"Aug","Sun",23,"36053","4470",43.062825,-75.68437778,1,3,"3","0",2,"Collector","Not intersection","Beside road","Non-vehicle collision","Dark","Clear"
"360526",2015,"Jul","Sat",20,"36027","3084",99.9999,999.9999,1,1,"1","0",1,"Local road","Not intersection","Beside road","Non-vehicle collision","Dark","Clear"
"360527",2015,"Apr","Wed",6,"36059","4600",40.67725,-73.45634722,2,2,"2","0",1,"Main arterial","4-way intersection","On road","Angled collision","Daylight","Foggy or cloudy"
"360528",2015,"May","Mon",11,"36059","4286",40.69605,-73.46382778,4,1,"1","0",1,"Local road","3-way intersection","Other location","Non-vehicle collision","Daylight","Clear"
"360529",2015,"May","Mon",14,"36081","4170",40.75571111,-73.73932778,1,2,"2","0",1,"Local road","3-way intersection","Beside road","Non-vehicle collision","Daylight","Clear"
"360530",2015,"Aug","Sun",13,"36099","5630",42.95138333,-76.76349444,2,3,"3","0",1,"Main arterial","Not intersection","On road","Front collision","Daylight","Clear"
"360531",2015,"Aug","Wed",15,"36047","4170",40.68973333,-73.92246111,1,1,"1","1",1,"Minor arterial","Not intersection","On road","Non-vehicle collision","Daylight","Clear"
"360532",2015,"Aug","Thu",1,"36007","0540",42.13340278,-75.87545833,1,1,"1","0",1,"Local road","Not intersection","Beside road","Non-vehicle collision","Dark","Clear"
"360533",2015,"Aug","Thu",9,"36089","2500",44.45668889,-75.70653056,1,1,"1","1",1,"Minor arterial","Not intersection","On road","Non-vehicle collision","Daylight","Foggy or cloudy"
"360534",2015,"Aug","Wed",0,"36115","2820",43.35652222,-73.53674444,1,1,"1","1",1,"Main arterial","Not intersection","On road","Non-vehicle collision","Dark","Clear"
"360535",2015,"Aug","Fri",19,"36019","1817",44.77961389,-73.985575,1,2,"2","0",1,"Local road","Not intersection","Beside road","Non-vehicle collision","Daylight","Clear"
"360536",2015,"Aug","Sun",1,"36045","2605",43.81547222,-76.11568056,1,1,"1","0",1,"Minor arterial","3-way intersection","Beside road","Non-vehicle collision","Dark","Foggy or cloudy"
"360537",2015,"Aug","Sat",21,"36111","4875",41.63793333,-74.09474444,1,1,"1","0",1,"Local road","Not intersection","Beside road","Non-vehicle collision","Dark","Clear"
"360538",2015,"Aug","Sat",13,"36045","2605",43.79265278,-76.20009722,2,5,"5","0",1,"Minor arterial","4-way intersection","On road","Angled collision","Daylight","Clear"
"360539",2015,"Aug","Sun",0,"36071","2695",41.32303611,-74.07409167,2,2,"2","0",2,"Main arterial","Not intersection","On road","Front collision","Dark","Foggy or cloudy"
"360540",2015,"Aug","Sun",1,"36085","4170",40.60208611,-74.16320556,3,1,"1","0",1,"Main arterial","Not intersection","Beside road","Non-vehicle collision","Dark","Clear"
"360541",2015,"Aug","Mon",9,"36057","0170",42.96349722,-74.24999722,1,2,"2","0",1,"Local road","Not intersection","On road","Non-vehicle collision","Daylight","Clear"
"360542",2015,"Aug","Tue",14,"36063","3220",43.19047778,-78.93013889,2,3,"3","0",1,"Main arterial","4-way intersection","On road","Front collision","Daylight","Clear"
"360543",2015,"Aug","Wed",15,"36103","2920",40.76874722,-73.05543889,1,1,"1","0",1,"Main arterial","Not intersection","Beside road","Non-vehicle collision","Daylight","Clear"
"360544",2015,"Aug","Sun",20,"36059","2600",40.70862222,-73.57891111,2,2,"2","0",1,"Main arterial","Not intersection","On road","Front collision","Dark","Clear"
"360545",2015,"Aug","Sun",5,"36069","5949",42.85961944,-77.03405,1,5,"5","0",1,"Main arterial","Not intersection","Beside road","Non-vehicle collision","Dawn or dusk","Foggy or cloudy"
"360546",2015,"Aug","Wed",1,"36081","4170",40.74888333,-73.89178611,1,1,"1","1",1,"Local road","4-way intersection","On road","Non-vehicle collision","Dark","Clear"
"360547",2015,"Aug","Thu",16,"36035","9997",43.216725,-74.13613056,1,1,"1","0",1,"Local road","Not intersection","Beside road","Non-vehicle collision","Daylight","Foggy or cloudy"
"360548",2015,"Jul","Sun",22,"36103","0620",40.77663333,-73.215125,1,2,"2","1",1,"Local road","Not intersection","On road","Non-vehicle collision","Dark","Clear"
"360549",2015,"Aug","Thu",16,"36045","1840",43.71073889,-76.07546944,1,1,"1","0",1,"Interstate","Not intersection","Beside road","Non-vehicle collision","Daylight","Foggy or cloudy"
"360550",2015,"Jul","Tue",5,"36103","6624",40.70623056,-73.30656111,2,2,"2","0",1,"Collector","4-way intersection","On road","Front collision","Dawn or dusk","Clear"
"360551",2015,"Aug","Mon",20,"36007","0540",42.09128611,-75.911225,2,3,"3","0",1,"Main arterial","Not intersection","Beside road","Non-vehicle collision","Dark","Clear"
"360552",2015,"Jul","Tue",16,"36103","5675",40.80064167,-72.88008889,2,10,"10","0",1,"Minor arterial","Not intersection","On road","Angled collision","Daylight","Clear"
"360553",2015,"Jul","Sun",2,"36103","0705",40.77399167,-73.00768333,1,1,"1","1",1,"Main arterial","3-way intersection","On road","Non-vehicle collision","Dark","Clear"
"360554",2015,"Jul","Mon",17,"36103","0705",40.892725,-73.04336389,2,3,"3","0",1,"Local road","3-way intersection","On road","Front collision","Daylight","Clear"
"360555",2015,"Jul","Sat",17,"36013","2950",42.04823333,-79.23453056,2,3,"3","0",1,"Minor arterial","4-way intersection","On road","Angled collision","Daylight","Clear"
"360556",2015,"Jul","Sun",4,"36103","0705",40.79348889,-72.90763889,1,1,"1","0",1,"Minor arterial","3-way intersection","Beside road","Non-vehicle collision","Dark","Clear"
"360557",2015,"Jul","Tue",20,"36103","0705",40.82935833,-73.11594444,1,2,"2","1",1,"Local road","4-way intersection","On road","Non-vehicle collision","Dawn or dusk","Foggy or cloudy"
"360558",2015,"Jul","Wed",23,"36047","4170",40.67368056,-74.01179167,1,1,"1","1",1,"Local road","4-way intersection","On road","Non-vehicle collision","Dark","Clear"
"360559",2015,"Aug","Mon",11,"36067","6010",43.04553056,-76.11969444,1,1,"1","1",1,"Local road","4-way intersection","On road","Non-vehicle collision","Daylight","Clear"
"360560",2015,"Aug","Fri",13,"36121","5994",42.70472778,-78.38796111,2,5,"5","0",1,"Main arterial","4-way intersection","On road","Angled collision","Daylight","Clear"
"360561",2015,"Aug","Wed",16,"36111","6491",41.72645278,-74.418975,2,3,"3","0",1,"Main arterial","Not intersection","On road","Front collision","Daylight","Clear"
"360562",2015,"Aug","Wed",22,"36065","6275",99.9999,999.9999,3,6,"3","3",2,"Interstate","Not intersection","Beside road","Non-vehicle collision","Dark","Precipitation"
"360563",2015,"Jul","Fri",5,"36087","4063",41.14771944,-73.99378611,1,1,"1","0",1,"Local road","Not intersection","Beside road","Non-vehicle collision","Dawn or dusk","Foggy or cloudy"
"360564",2015,"Jun","Sun",17,"36025","5326",42.3604,-74.47516111,2,4,"4","0",1,"Main arterial","Not intersection","On road","Front collision","Daylight","Clear"
"360565",2015,"Aug","Fri",0,"36091","1209",42.90573333,-73.77869444,2,2,"2","0",1,"Main arterial","Not intersection","On road","Angled collision","Dark","Clear"
"360566",2015,"Aug","Sat",11,"36027","3084",41.64425833,-73.78800278,1,1,"1","0",1,"Main arterial","Not intersection","Beside road","Non-vehicle collision","Daylight","Clear"
"360567",2015,"Aug","Sat",20,"36059","2600",40.62039444,-73.50147222,2,7,"7","0",1,"Main arterial","Not intersection","On road","Angled collision","Dark","Clear"
"360568",2015,"Aug","Sun",15,"36087","4063",41.10237778,-73.95200556,1,1,"1","1",1,"Main arterial","4-way intersection","On road","Non-vehicle collision","Daylight","Clear"
"360569",2015,"Aug","Mon",16,"36053","3201",43.07434722,-75.718825,3,3,"3","0",1,"Minor arterial","Not intersection","On road","Front collision","Daylight","Clear"
"360570",2015,"Aug","Wed",16,"36075","4800",99.9999,999.9999,1,1,"1","0",1,"Main arterial","Not intersection","Beside road","Non-vehicle collision","Daylight","Foggy or cloudy"
"360571",2015,"Aug","Thu",23,"36047","4170",40.62878056,-74.021475,1,2,"2","0",1,"Local road","Not intersection","On road","Non-vehicle collision","Dark","Precipitation"
"360572",2015,"Aug","Thu",16,"36071","2030",41.32818611,-74.35596667,3,4,"4","0",1,"Minor arterial","Not intersection","On road","Angled collision","Daylight","Foggy or cloudy"
"360573",2015,"Jul","Mon",17,"36083","4000",42.49548333,-73.54343056,2,4,"4","0",1,"Main arterial","3-way intersection","On road","Front collision","Daylight","Clear"
"360574",2015,"Aug","Thu",9,"36061","4170",40.76645556,-73.98228889,1,1,"1","1",1,"Minor arterial","Not intersection","On road","Non-vehicle collision","Daylight","Clear"
"360575",2015,"Aug","Thu",19,"36081","4170",40.60640833,-73.7517,1,3,"3","1",1,"Local road","3-way intersection","On road","Non-vehicle collision","Dawn or dusk","Clear"
"360576",2015,"May","Mon",22,"36029","0750",42.94813611,-78.829325,1,1,"1","1",1,"Collector","3-way intersection","On road","Non-vehicle collision","Dark","Foggy or cloudy"
"360577",2015,"Aug","Fri",21,"36077","3180",42.55987222,-75.05955833,1,1,"1","0",1,"Main arterial","Not intersection","Beside road","Non-vehicle collision","Dark","Clear"
"360578",2015,"Aug","Fri",1,"36067","3310",43.10385556,-76.21065833,1,2,"2","1",1,"Local road","Not intersection","On road","Non-vehicle collision","Dark","Foggy or cloudy"
"360579",2015,"Aug","Fri",22,"36059","4600",40.86184167,-73.53486667,1,1,"1","1",1,"Local road","3-way intersection","On road","Non-vehicle collision","Dark","Clear"
"360580",2015,"Aug","Mon",9,"36055","5230",43.17918889,-77.66966667,3,3,"3","0",1,"Minor arterial","3-way intersection","On road","Angled collision","Daylight","Clear"
"360581",2015,"Aug","Sun",0,"36037","0530",43.11193333,-77.96553889,1,3,"3","0",2,"Local road","Not intersection","Beside road","Non-vehicle collision","Dark","Clear"
"360582",2015,"Aug","Sat",17,"36005","4170",40.80680556,-73.92458889,2,2,"2","0",1,"Interstate","Not intersection","On road","Front collision","Daylight","Clear"
"360583",2015,"Aug","Sun",13,"36039","0970",42.163275,-73.91834444,2,4,"4","0",1,"Main arterial","Not intersection","On road","Angled collision","Daylight","Clear"
"360584",2015,"Jul","Sat",17,"36023","3530",99.9999,999.9999,2,2,"2","0",1,"Collector","Not intersection","On road","Front collision","Daylight","Clear"
"360585",2015,"Aug","Fri",9,"36087","5077",41.11724722,-74.11663056,4,8,"8","0",2,"Interstate","Not intersection","On road","Front collision","Daylight","Clear"
"360586",2015,"Aug","Sat",6,"36015","2800",42.18149722,-76.83167778,2,3,"3","0",2,"Local road","3-way intersection","On road","Non-vehicle collision","Daylight","Foggy or cloudy"
"360587",2015,"Jul","Sat",4,"36029","1899",42.68335833,-78.94543611,1,4,"4","0",1,"Main arterial","Not intersection","Beside road","Non-vehicle collision","Dark","Foggy or cloudy"
"360588",2015,"Aug","Sat",0,"36103","2007",40.90972222,-72.63371667,1,1,"1","1",1,"Main arterial","Not intersection","On road","Non-vehicle collision","Dark","Clear"
"360589",2015,"Aug","Thu",14,"36069","2260",42.85416389,-77.01069444,2,3,"3","0",1,"Collector","3-way intersection","On road","Angled collision","Daylight","Foggy or cloudy"
"360590",2015,"Aug","Sat",14,"36027","4690",41.5663,-73.59391111,3,4,"4","0",1,"Main arterial","4-way intersection","On road","Angled collision","Daylight","Clear"
"360591",2015,"Aug","Tue",20,"36067","6140",42.80492222,-76.14980833,1,1,"1","0",1,"Collector","Not intersection","On road","Non-vehicle collision","Dawn or dusk","Clear"
"360592",2015,"Aug","Tue",18,"36101","0813",42.18584167,-77.239625,1,1,"1","1",1,"Local road","3-way intersection","On road","Non-vehicle collision","Daylight","Clear"
"360593",2015,"Aug","Tue",14,"36089","1464",44.45626667,-75.35467222,2,2,"2","0",1,"Main arterial","Not intersection","On road","Front collision","Daylight","Clear"
"360594",2015,"May","Fri",8,"36071","3730",41.48455833,-74.29399167,2,2,"2","0",1,"Minor arterial","Not intersection","On road","Front collision","Daylight","Clear"
"360595",2015,"Aug","Tue",11,"36053","0703",42.84740833,-75.406,2,2,"2","0",1,"Main arterial","Not intersection","On road","Angled collision","Daylight","Clear"
"360596",2015,"Aug","Wed",17,"36047","4170",40.64061944,-73.95720278,1,1,"1","1",1,"Local road","Not intersection","On road","Non-vehicle collision","Daylight","Clear"
"360597",2015,"Aug","Thu",17,"36067","1166",43.19592222,-76.07087222,2,2,"2","0",1,"Local road","3-way intersection","On road","Angled collision","Daylight","Clear"
"360598",2015,"Aug","Thu",6,"36117","1230",43.04797778,-76.90031389,1,1,"1","1",1,"Local road","Not intersection","Beside road","Non-vehicle collision","Dawn or dusk","Clear"
"360599",2015,"Aug","Thu",3,"36027","5951",41.88710556,-73.76884444,1,1,"1","0",1,"Main arterial","Not intersection","Beside road","Non-vehicle collision","Dark","Foggy or cloudy"
"360600",2015,"Aug","Sun",12,"36075","2200",43.40110278,-76.2548,2,3,"3","0",1,"Main arterial","Not intersection","On road","Front collision","Daylight","Clear"
"360601",2015,"Aug","Sat",21,"36049","9997",43.51839167,-75.755225,1,1,"1","0",1,"Local road","Not intersection","Beside road","Non-vehicle collision","Dark","Clear"
"360602",2015,"Aug","Thu",3,"36007","0540",42.01674722,-75.91662222,1,2,"2","0",1,"Collector","Not intersection","Beside road","Non-vehicle collision","Dark","Foggy or cloudy"
"360603",2015,"Aug","Fri",15,"36069","2260",42.85673056,-77.01070278,1,1,"1","1",1,"Main arterial","4-way intersection","On road","Non-vehicle collision","Daylight","Clear"
"360604",2015,"Aug","Thu",18,"36101","6102",42.00885833,-77.60669722,2,3,"3","0",1,"Local road","Not intersection","On road","Angled collision","Daylight","Clear"
"360605",2015,"Aug","Sat",21,"36081","4170",40.73830833,-73.80003333,1,4,"4","1",1,"Interstate","Not intersection","On road","Non-vehicle collision","Dark","Clear"
"360606",2015,"Aug","Sat",19,"36027","4885",41.73878611,-73.82611944,1,2,"2","0",2,"Local road","3-way intersection","Beside road","Non-vehicle collision","Dark","Clear"
"360607",2015,"Aug","Sun",0,"36101","4620",42.15552778,-77.09754444,1,1,"1","0",1,"Interstate","Not intersection","Beside road","Non-vehicle collision","Dark","Clear"
"360608",2015,"Aug","Sun",20,"36103","6547",40.73128333,-73.36529167,1,4,"4","0",1,"Local road","Not intersection","Beside road","Non-vehicle collision","Dark","Clear"