"ST_CASE","YEAR","MONTH","DAY_WEEK","HOUR","ST_CO_FIPS","CITY","LATITUDE","LONGITUD","VE_TOTAL","PERSONS","PERMVIT","PERNOTMVIT","FATALS","FUNC_SYS","TYP_INT","REL_ROAD","MAN_COLL","LGT_COND","WEATHER"
"360763",2015,"Aug","Sat",0,"36103","3715",40.86846111,-72.90047222,1,1,"1","0",1,"Collector","Not intersection","Beside road","Non-vehicle collision","Dark","Clear"
"360764",2015,"Sep","Wed",19,"36103","3103",40.86209722,-73.1313,2,4,"4","0",1,"Minor arterial","3-way intersection","On road","Front collision","Daylight","Clear"
"360765",2015,"Oct","Thu",19,"36059","4600",40.80669444,-73.47806944,3,12,"12","1",1,"Local road","Not intersection","On road","Non-vehicle collision","Dark","Clear"
"360766",2015,"Sep","Sat",5,"36103","1743",40.90596111,-73.07018889,1,1,"1","0",1,"Main arterial","Not intersection","Beside road","Non-vehicle collision","Dark","Clear"
"360767",2015,"Oct","Fri",19,"36047","4170",40.60083333,-73.93406667,1,1,"1","1",1,"Local road","3-way intersection","On road","Non-vehicle collision","Dark","Clear"
"360768",2015,"Sep","Sat",3,"36103","0450",40.72968889,-73.24526944,1,1,"1","1",1,"Local road","Not intersection","On road","Non-vehicle collision","Dark","Clear"
"360769",2015,"Sep","Thu",21,"36103","0360",99.9999,999.9999,1,1,"1","1",1,"Local road","Not intersection","On road","Non-vehicle collision","Dark","Clear"
"360770",2015,"Sep","Sun",11,"36103","5675",40.93252222,-72.87871667,1,1,"1","0",1,"Minor arterial","Not intersection","Beside road","Non-vehicle collision","Daylight","Foggy or cloudy"
"360771",2015,"Sep","Wed",21,"36103","2920",40.78704167,-73.12713611,1,1,"1","1",1,"Main arterial","4-way intersection","On road","Non-vehicle collision","Dark","Foggy or cloudy"
"360772",2015,"Sep","Mon",11,"36103","5675",40.78515,-72.86377222,1,1,"1","1",1,"Minor arterial","Not intersection","On road","Non-vehicle collision","Daylight","Clear"
"360773",2015,"Sep","Thu",14,"36103","0360",40.68917222,-73.4087,1,2,"2","1",1,"Main arterial","4-way intersection","On road","Non-vehicle collision","Daylight","Clear"
"360774",2015,"Sep","Sat",20,"36103","0705",40.77444167,-72.94124167,1,2,"2","1",1,"Local road","Not intersection","On road","Non-vehicle collision","Dark","Clear"
"360775",2015,"Sep","Sun",19,"36103","3117",40.832325,-73.08181389,2,2,"2","0",1,"Collector","4-way intersection","On road","Front collision","Dark","Clear"
"360776",2015,"Jun","Mon",14,"36065","4080",43.05331111,-75.31899167,2,2,"2","0",1,"Main arterial","3-way intersection","On road","Front collision","Daylight","Clear"
"360777",2015,"Sep","Mon",1,"36103","3270",40.67218889,-73.37844444,1,1,"1","1",1,"Main arterial","Not intersection","On road","Non-vehicle collision","Dark","Foggy or cloudy"
"360778",2015,"Oct","Sun",10,"36119","5350",40.98848889,-73.66611111,3,3,"3","0",1,"Interstate","Not intersection","Beside road","Non-vehicle collision","Daylight","Clear"
"360779",2015,"Oct","Sat",8,"36103","0705",40.81838889,-72.80011667,1,1,"1","0",1,"Local road","Not intersection","Beside road","Non-vehicle collision","Daylight","Precipitation"
"360780",2015,"Sep","Sun",23,"36103","2920",40.79916944,-73.24789167,2,4,"4","0",1,"Local road","3-way intersection","On road","Angled collision","Dark","Clear"
"360781",2015,"Oct","Sat",11,"36035","2980",43.001675,-74.35665278,1,1,"1","0",1,"Collector","Not intersection","Beside road","Non-vehicle collision","Daylight","Clear"
"360782",2015,"Oct","Fri",12,"36047","4170",40.57685278,-73.95283889,1,1,"1","1",1,"Local road","4-way intersection","On road","Non-vehicle collision","Daylight","Clear"
"360783",2015,"Sep","Mon",20,"36027","2785",41.60979167,-73.78512778,1,1,"1","1",1,"Collector","Not intersection","On road","Non-vehicle collision","Dark","Clear"
"360784",2015,"Oct","Wed",18,"36005","4170",40.83505556,-73.92613611,2,2,"2","0",1,"Collector","4-way intersection","On road","Angled collision","Daylight","Clear"
"360785",2015,"Oct","Fri",16,"36067","4491",43.02653056,-76.21258333,2,2,"2","0",1,"Local road","4-way intersection","On road","Angled collision","Daylight","Clear"
"360786",2015,"Oct","Fri",22,"36059","2600",40.69833333,-73.51584444,2,5,"5","0",1,"Main arterial","Not intersection","Beside road","Non-vehicle collision","Dark","Clear"
"360787",2015,"Oct","Fri",17,"36059","2675",40.74724167,-73.50144722,1,1,"1","1",1,"Main arterial","Not intersection","On road","Non-vehicle collision","Dawn or dusk","Clear"
"360788",2015,"Oct","Sat",5,"36077","9999",42.69975,-75.30637222,1,1,"1","0",1,"Minor arterial","Not intersection","Beside road","Non-vehicle collision","Dark","Foggy or cloudy"
"360789",2015,"Oct","Sun",5,"36081","4170",40.77039167,-73.90906111,1,1,"1","0",1,"Main arterial","Not intersection","On road","Non-vehicle collision","Dark","Foggy or cloudy"
"360790",2015,"Oct","Mon",13,"36081","4170",40.70374444,-73.79355278,1,1,"1","1",1,"Local road","Not intersection","On road","Non-vehicle collision","Daylight","Clear"
"360791",2015,"Oct","Mon",6,"36059","2600",40.68972778,-73.56583333,1,1,"1","1",1,"Main arterial","Not intersection","On road","Non-vehicle collision","Dark","Clear"
"360792",2015,"Oct","Sat",21,"36083","2780",42.90526389,-73.35650278,1,1,"1","1",1,"Local road","Not intersection","On road","Non-vehicle collision","Dark","Precipitation"
"360793",2015,"Oct","Mon",19,"36071","4060",41.58504722,-74.06879444,1,1,"1","1",1,"Main arterial","Not intersection","On road","Non-vehicle collision","Dark","Clear"
"360794",2015,"Oct","Wed",10,"36077","4490",42.45300556,-75.06320833,1,1,"1","1",1,"Local road","4-way intersection","On road","Non-vehicle collision","Daylight","Precipitation"
"360795",2015,"Oct","Mon",8,"36093","5550",42.88005833,-74.04,2,3,"3","0",1,"Minor arterial","4-way intersection","On road","Angled collision","Daylight","Clear"
"360796",2015,"Oct","Wed",13,"36071","4060",41.5012,-74.02863889,2,3,"3","0",1,"Main arterial","Not intersection","On road","Angled collision","Daylight","Precipitation"
"360797",2015,"Oct","Thu",10,"36069","6280",43.01218333,-77.39879444,2,2,"2","0",1,"Local road","4-way intersection","On road","Angled collision","Daylight","Foggy or cloudy"
"360798",2015,"Oct","Wed",14,"36103","0705",40.77093611,-72.86981667,1,1,"1","0",1,"Local road","3-way intersection","Beside road","Non-vehicle collision","Daylight","Precipitation"
"360799",2015,"Oct","Sat",23,"36091","5470",43.10386944,-73.79468333,1,1,"1","4",1,"Local road","Not intersection","Beside road","Non-vehicle collision","Dark","Clear"
"360800",2015,"Oct","Fri",16,"36103","2840",40.82791667,-73.43404722,2,5,"5","0",1,"Main arterial","3-way intersection","On road","Angled collision","Daylight","Clear"
"360801",2015,"Oct","Sat",16,"36005","4170",40.84748333,-73.857625,3,3,"3","7",3,"Local road","Not intersection","On road","Front collision","Daylight","Clear"
"360802",2015,"Nov","Sun",11,"36029","0156",42.99083611,-78.81717222,2,4,"4","0",1,"Local road","3-way intersection","On road","Angled collision","Daylight","Clear"
"360803",2015,"Sep","Fri",10,"36031","2997",44.17623333,-73.782875,1,1,"1","0",1,"Minor arterial","Not intersection","Beside road","Non-vehicle collision","Daylight","Clear"
"360804",2015,"Oct","Sat",21,"36059","2600",40.67053333,-73.51950278,1,2,"2","1",1,"Main arterial","Not intersection","On road","Non-vehicle collision","Dark","Clear"
"360805",2015,"Nov","Sun",14,"36059","2600",40.70604167,-73.61883611,1,1,"1","0",1,"Local road","3-way intersection","Beside road","Non-vehicle collision","Daylight","Foggy or cloudy"
"360806",2015,"Nov","Sun",10,"36047","4170",40.64089444,-73.94911389,1,1,"1","1",1,"Local road","Not intersection","On road","Non-vehicle collision","Daylight","Foggy or cloudy"
"360807",2015,"Oct","Sat",1,"36045","5360",43.92727222,-76.00762222,1,2,"2","0",1,"Local road","Not intersection","Beside road","Non-vehicle collision","Dark","Clear"
"360808",2015,"Nov","Tue",6,"36047","4170",40.67801111,-73.90597222,1,1,"1","1",1,"Local road","4-way intersection","On road","Non-vehicle collision","Dawn or dusk","Clear"
"360809",2015,"Nov","Tue",10,"36063","4070",43.30445833,-78.69682778,1,1,"1","0",1,"Local road","Not intersection","Beside road","Non-vehicle collision","Daylight","Clear"
"360810",2015,"Oct","Thu",19,"36007","1880",42.09989722,-76.065575,1,1,"1","1",1,"Local road","Not intersection","On road","Non-vehicle collision","Dark",NA
"360811",2015,"Mar","Sat",22,"36065","6220",43.09033889,-75.25848611,1,2,"2","1",1,"Local road","4-way intersection","On road","Non-vehicle collision","Dark","Clear"
"360812",2015,"Mar","Fri",7,"36015","1884",42.14561944,-76.65221667,1,2,"2","0",1,"Collector","Not intersection","Beside road","Non-vehicle collision","Daylight","Foggy or cloudy"
"360813",2015,"Oct","Tue",23,"36085","4170",40.5709,-74.16967778,1,1,"1","1",1,"Local road","3-way intersection","On road","Non-vehicle collision","Dark","Clear"
"360814",2015,"Oct","Sun",17,"36103","4300",40.88874167,-73.35699722,2,3,"3","0",1,"Local road","Not intersection","On road","Front collision","Dawn or dusk","Clear"
"360815",2015,"Nov","Thu",20,"36081","4170",40.75834722,-73.82952778,1,1,"1","1",1,"Minor arterial","Not intersection","On road","Non-vehicle collision","Dark","Clear"
"360816",2015,"Nov","Sun",7,"36081","4170",40.71332778,-73.84914167,1,1,"1","1",1,"Local road","4-way intersection","On road","Non-vehicle collision","Daylight","Foggy or cloudy"
"360817",2015,"Nov","Thu",8,"36005","4170",40.81897778,-73.88673611,1,1,"1","1",1,"Local road","4-way intersection","On road","Non-vehicle collision","Daylight","Foggy or cloudy"
"360818",2015,"Nov","Thu",23,"36075","4660",99.9999,999.9999,1,2,"2","0",2,"Interstate","Not intersection","Beside road","Non-vehicle collision","Dark","Foggy or cloudy"
"360819",2015,"Nov","Fri",17,"36059","2600",40.63556944,-73.64040833,1,1,"1","1",1,"Local road","Not intersection","On road","Non-vehicle collision","Dark","Foggy or cloudy"
"360820",2015,"Nov","Sat",21,"36081","4170",40.66633611,-73.81051111,1,1,"1","1",1,"Collector","4-way intersection","On road","Non-vehicle collision","Dark","Clear"
"360821",2015,"Nov","Sun",0,"36061","4170",40.80119167,-73.96149444,1,2,"2","1",1,"Local road","4-way intersection","On road","Non-vehicle collision","Dark","Clear"
"360822",2015,"Nov","Fri",17,"36061","4170",40.77477222,-73.98812778,1,1,"1","1",1,"Local road","4-way intersection","On road","Non-vehicle collision","Daylight","Clear"
"360823",2015,"Oct","Wed",6,"36119","2555",41.07934167,-73.718275,6,7,"7","0",1,"Interstate","Not intersection","On road","Non-vehicle collision","Daylight","Clear"
"360824",2015,"Oct","Fri",21,"36001","2464",42.64314722,-73.80236389,4,4,"4","0",2,"Interstate","Not intersection","On road","Front collision","Dark","Clear"
"360825",2015,"Sep","Fri",20,"36103","5210",40.92436944,-72.70226944,2,3,"3","0",1,"Collector","3-way intersection","On road","Front collision","Dark","Clear"
"360826",2015,"Oct","Thu",19,"36103","0705",40.77516944,-72.97753333,1,1,"1","1",1,"Local road","Not intersection","On road","Non-vehicle collision","Dark","Precipitation"
"360827",2015,"Oct","Sat",10,"36039","2437",42.39146667,-74.02998333,2,2,"2","0",1,"Minor arterial","4-way intersection","On road","Angled collision","Daylight","Clear"
"360828",2015,"Jul","Sat",21,"36007","6740",42.08669167,-75.70322778,1,1,"1","0",1,"Interstate","Not intersection","Beside road","Non-vehicle collision","Dawn or dusk","Clear"
"360829",2015,"Nov","Mon",12,"36001","3155",42.73995,-73.73633611,2,2,"2","0",1,"Minor arterial","3-way intersection","On road","Angled collision","Daylight","Clear"
"360830",2015,"Nov","Sun",17,"36093","5550",42.88369444,-73.90833889,1,1,"1","0",1,"Local road","3-way intersection","On road","Non-vehicle collision","Dawn or dusk","Clear"
"360831",2015,"Nov","Sun",18,"36059","6250",40.66630278,-73.70348889,1,2,"2","1",1,"Local road","3-way intersection","On road","Non-vehicle collision","Dark","Clear"
"360832",2015,"Nov","Sun",6,"36047","4170",40.63999167,-74.02199444,1,5,"5","0",1,"Interstate","Not intersection","Beside road","Non-vehicle collision","Daylight","Clear"
"360833",2015,"Nov","Wed",21,"36089","0619",44.8278,-74.68285833,1,1,"1","1",1,"Local road","Not intersection","On road","Non-vehicle collision","Dark","Foggy or cloudy"
"360834",2015,"Nov","Mon",13,"36081","4170",40.695425,-73.84013056,2,3,"3","0",1,"Local road","Not intersection","On road","Rear or side collision","Daylight","Clear"
"360835",2015,"Nov","Mon",11,"36085","4170",40.59584444,-74.08588333,2,4,"4","0",1,"Main arterial","4-way intersection","On road","Front collision","Daylight","Clear"
"360836",2015,"Aug","Fri",21,"36103","3270",40.69385,-73.39368333,1,1,"1","1",1,"Main arterial","Not intersection","On road","Non-vehicle collision","Dark","Clear"
"360837",2015,"Sep","Tue",8,"36103","0450",40.74076111,-73.29525,2,2,"2","0",1,"Local road","3-way intersection","On road","Angled collision","Daylight","Clear"
"360838",2015,"Oct","Tue",14,"36103","0705",40.78420556,-72.97851944,1,1,"1","0",1,"Main arterial","Not intersection","Beside road","Non-vehicle collision","Daylight","Clear"
"360839",2015,"Oct","Tue",9,"36103","0620",40.79308056,-73.27505556,2,1,"1","1",1,"Collector","Not intersection","On road","Non-vehicle collision","Daylight","Clear"
"360840",2015,"Oct","Fri",20,"36103","5769",40.83680556,-73.19421667,1,1,"1","1",1,"Main arterial","3-way intersection","On road","Non-vehicle collision","Dark","Precipitation"
"360841",2015,"Sep","Wed",11,"36103","0705",40.86588333,-72.99563333,1,1,"1","1",1,"Local road","Not intersection","On road","Non-vehicle collision","Daylight","Clear"
"360842",2015,"Oct","Fri",21,"36103","0360",40.69289444,-73.34479444,1,1,"1","1",1,"Local road","Not intersection","On road","Non-vehicle collision","Dark","Clear"
"360843",2015,"Oct","Sun",0,"36103","6624",40.72229167,-73.29657778,1,2,"2","0",1,"Main arterial","Not intersection","Beside road","Non-vehicle collision","Dark","Clear"
"360844",2015,"Oct","Wed",5,"36103","0620",40.78099167,-73.26115278,1,1,"1","1",1,"Collector","Other intersection type","On road","Non-vehicle collision","Dark","Clear"
"360845",2015,"Oct","Mon",8,"36103","5769",40.84794167,-73.24213889,2,3,"3","0",1,"Minor arterial","3-way intersection","On road","Front collision","Daylight","Clear"
"360846",2015,"Oct","Wed",20,"36103","5520",40.74759444,-73.06768611,2,2,"2","0",1,"Local road","Not intersection","On road","Angled collision","Dark","Precipitation"
"360847",2015,"Oct","Mon",21,"36003","6540",42.15875556,-77.92698056,1,1,"1","0",1,"Collector","Not intersection","Beside road","Non-vehicle collision","Dark","Foggy or cloudy"
"360848",2015,"Nov","Mon",17,"36047","4170",40.6471,-73.95814722,2,2,"2","2",1,"Minor arterial","Not intersection","Other location","Non-vehicle collision","Dark","Clear"
"360849",2015,"Oct","Tue",2,"36103","1549",40.81001389,-73.37895278,2,2,"2","0",2,"Main arterial","Not intersection","On road","Front collision","Dark","Clear"
"360850",2015,"Nov","Mon",11,"36107","4580",42.02431944,-76.15774167,2,1,"1","2",1,"Minor arterial","Not intersection","On road","Non-vehicle collision","Daylight","Foggy or cloudy"
"360851",2015,"Nov","Tue",16,"36075","6319",43.33106389,-76.39830833,2,2,"2","0",1,"Main arterial","3-way intersection","On road","Front collision","Daylight","Foggy or cloudy"
"360852",2015,"Nov","Mon",5,"36047","4170",40.58655278,-73.91814444,1,1,"1","0",1,"Local road","Not intersection","Beside road","Non-vehicle collision","Dark","Clear"
"360853",2015,"Nov","Tue",22,"36075","2540",43.32385,-76.53844167,3,3,"3","0",1,"Main arterial","4-way intersection","On road","Angled collision","Dark","Clear"
"360854",2015,"Aug","Sat",17,"36081","4170",40.67217778,-73.76099722,2,4,"4","0",1,"Local road","4-way intersection","On road","Front collision","Daylight","Clear"
"360855",2015,"Nov","Tue",18,"36065","6275",43.20951111,-75.57981667,1,1,"1","0",1,"Local road","4-way intersection","Beside road","Non-vehicle collision","Dark","Foggy or cloudy"
"360856",2015,"Aug","Wed",16,"36113","3100",43.46194444,-73.69212778,2,3,"3","0",1,"Minor arterial","3-way intersection","On road","Angled collision","Daylight","Clear"
"360857",2015,"Nov","Wed",20,"36071","1431",41.38561111,-74.66703889,1,1,"1","1",1,"Main arterial","Not intersection","On road","Non-vehicle collision","Dark","Foggy or cloudy"
"360858",2015,"Oct","Wed",3,"36005","4170",40.82254167,-73.885125,1,2,"2","0",1,"Local road","3-way intersection","Beside road","Non-vehicle collision","Dark","Foggy or cloudy"
"360859",2015,"Nov","Sat",2,"36107","5172",42.33021389,-76.18661667,2,3,"3","0",1,"Minor arterial","Not intersection","On road","Front collision","Dark","Precipitation"
"360860",2015,"Nov","Sat",3,"36029","0750",42.89080833,-78.89011667,2,2,"2","0",1,"Interstate","Not intersection","On road","Front collision","Dark","Clear"
"360861",2015,"Nov","Thu",19,"36059","4600",40.76735,-73.52743611,1,3,"3","1",1,"Local road","4-way intersection","On road","Non-vehicle collision","Dark","Foggy or cloudy"
"360862",2015,"Nov","Sat",4,"36081","4170",40.68400556,-73.83297222,1,2,"2","1",1,"Local road","3-way intersection","On road","Non-vehicle collision","Dark","Clear"
"360863",2015,"Nov","Sun",19,"36119","6820",40.91533611,-73.88382222,1,1,"1","0",1,"Main arterial","Not intersection","Beside road","Non-vehicle collision","Dark","Foggy or cloudy"
"360864",2015,"Nov","Sun",17,"36051","1450",42.54712778,-77.66423056,2,2,"2","0",1,"Local road","4-way intersection","On road","Front collision","Dark","Clear"
"360865",2015,"Nov","Mon",13,"36047","4170",40.68300278,-73.86710278,1,3,"3","1",1,"Local road","3-way intersection","On road","Non-vehicle collision","Daylight","Clear"
"360866",2015,"Nov","Tue",17,"36071","6410",41.26158611,-74.35984167,1,1,"1","1",1,"Local road","Not intersection","On road","Non-vehicle collision","Dark","Foggy or cloudy"
"360867",2015,"Nov","Tue",18,"36045","1110",44.06699722,-76.12996111,1,1,"1","1",1,"Main arterial","3-way intersection","On road","Non-vehicle collision","Dark","Clear"
"360868",2015,"Nov","Wed",22,"36047","4170",40.60070278,-73.99506667,1,1,"1","1",1,"Minor arterial","Not intersection","On road","Non-vehicle collision","Dark","Clear"
"360869",2015,"Nov","Wed",19,"36047","4170",40.59478056,-73.99570833,1,1,"1","1",1,"Minor arterial","Not intersection","On road","Non-vehicle collision","Dark","Clear"
"360870",2015,"Nov","Fri",20,"36055","5230",43.14097222,-77.60492222,1,2,"2","1",1,"Local road","Not intersection","On road","Non-vehicle collision","Dark","Clear"
"360871",2015,"Oct","Wed",23,"36067","6010",43.058625,-76.14998333,2,2,"2","0",1,"Local road","4-way intersection","On road","Angled collision","Dark","Clear"
"360872",2015,"Nov","Wed",17,"36001","1260",42.816675,-73.73051667,3,4,"4","0",1,"Main arterial","3-way intersection","On road","Front collision","Dark","Foggy or cloudy"
"360873",2015,"Nov","Sat",2,"36059","2600",40.70378889,-73.63587778,2,3,"3","0",1,"Local road","3-way intersection","On road","Front collision","Dark","Clear"
"360874",2015,"Nov","Sat",0,"36081","4170",40.67071667,-73.80104444,1,1,"1","1",1,"Interstate","Not intersection","On road","Non-vehicle collision","Dark","Clear"
"360875",2015,"Nov","Sun",5,"36001","3680",42.69022222,-73.74016111,1,1,"1","0",1,"Minor arterial","3-way intersection","Beside road","Non-vehicle collision","Dark","Clear"
"360876",2015,"Nov","Wed",19,"36087","5930",41.13368333,-74.05967222,2,2,"2","0",1,"Collector","Not intersection","On road","Front collision","Dark","Clear"
"360877",2015,"Nov","Mon",11,"36061","4170",40.71355556,-73.98088056,1,1,"1","1",1,"Minor arterial","4-way intersection","On road","Non-vehicle collision","Daylight","Clear"
"360878",2015,"Nov","Tue",21,"36009","3203",42.32973333,-78.95743611,1,1,"1","0",1,"Local road","Not intersection","On road","Non-vehicle collision","Dark","Clear"
"360879",2015,"Nov","Wed",21,"36081","4170",40.73569167,-73.93678889,1,2,"2","1",1,"Local road","4-way intersection","On road","Non-vehicle collision","Dark","Clear"
"360880",2015,"Nov","Wed",16,"36047","4170",40.62422778,-73.95608333,1,1,"1","1",1,"Main arterial","Not intersection","On road","Non-vehicle collision","Dawn or dusk","Clear"
"360881",2015,"Nov","Thu",19,"36109","3146",99.9999,999.9999,2,5,"5","0",1,"Main arterial","Not intersection","On road","Angled collision","Dark","Clear"
"360882",2015,"Nov","Thu",6,"36029","5940",42.57557778,-78.72006111,1,1,"1","0",1,"Main arterial","Not intersection","Beside road","Non-vehicle collision","Dark","Clear"
"360883",2015,"Nov","Thu",19,"36047","4170",40.65724167,-73.88950278,7,12,"12","1",1,"Main arterial","Not intersection","On road","Angled collision","Dark","Foggy or cloudy"
"360884",2015,"Nov","Fri",17,"36059","3190",40.60805278,-73.74207222,1,1,"1","1",1,"Main arterial","4-way intersection","On road","Non-vehicle collision","Dark","Clear"
"360885",2015,"Nov","Mon",13,"36015","6530",99.9999,999.9999,2,2,"2","0",1,"Interstate","Not intersection","On road","Rear or side collision","Daylight","Clear"
"360886",2015,"Nov","Fri",2,"36081","4170",40.7708,-73.91793333,2,3,"3","0",2,"Main arterial","Not intersection","Beside road","Front collision","Dark","Clear"
"360887",2015,"Nov","Sun",1,"36103","2840",40.81618333,-73.42719722,1,4,"4","0",1,"Local road","Not intersection","Beside road","Non-vehicle collision","Dark","Clear"
"360888",2015,"Nov","Sun",9,"36029","1170",43.07791667,-78.61908889,1,5,"5","0",1,"Local road","Not intersection","Beside road","Non-vehicle collision","Daylight","Foggy or cloudy"
"360889",2015,"Nov","Sun",17,"36087","3833",41.08002778,-74.04848611,6,11,"11","0",1,"Main arterial","Not intersection","On road","Front collision","Dark","Clear"
"360890",2015,"Dec","Tue",18,"36047","4170",40.58395278,-73.93873611,3,2,"2","0",1,"Minor arterial","3-way intersection","On road","Angled collision","Dark","Precipitation"
"360891",2015,"Sep","Thu",1,"36103","1650",40.97123056,-72.22140278,1,1,"1","0",1,"Minor arterial","Not intersection","Beside road","Non-vehicle collision","Dark","Clear"
"360892",2015,"Oct","Thu",0,"36067","2951",42.99457222,-76.09891389,1,3,"3","0",2,"Minor arterial","Not intersection","Beside road","Non-vehicle collision","Dark","Clear"
"360893",2015,"Oct","Tue",13,"36005","4170",40.88003056,-73.82326111,1,2,"2","0",1,"Main arterial","Not intersection","Beside road","Non-vehicle collision","Daylight","Foggy or cloudy"
"360894",2015,"Sep","Fri",17,"36067","1166",43.17558889,-76.11665833,2,5,"5","0",2,"Main arterial","4-way intersection","On road","Angled collision","Daylight","Clear"
"360895",2015,"Dec","Tue",0,"36059","6250",40.68616944,-73.69956389,1,1,"1","0",1,"Local road","Not intersection","Beside road","Non-vehicle collision","Dark","Precipitation"
"360896",2015,"Dec","Thu",21,"36059","3380",40.65836667,-73.66248056,1,1,"1","1",1,"Local road","Not intersection","On road","Non-vehicle collision","Dark","Clear"
"360897",2015,"Dec","Wed",5,"36061","4170",40.76094444,-73.96706667,1,1,"1","1",1,"Minor arterial","4-way intersection","On road","Non-vehicle collision","Dawn or dusk","Precipitation"
"360898",2015,"Dec","Wed",6,"36081","4170",40.67294167,-73.85735,1,1,"1","0",1,"Local road","Not intersection","Beside road","Non-vehicle collision","Dark","Precipitation"
"360899",2015,"Dec","Thu",11,"36059","6550",40.74759722,-73.58761111,3,4,"4","0",1,"Collector","4-way intersection","On road","Angled collision","Daylight","Clear"
"360900",2015,"Dec","Thu",23,"36047","4170",40.62431111,-74.01958056,1,1,"1","0",1,"Interstate","Not intersection","Beside road","Non-vehicle collision","Dark","Clear"
"360901",2015,"Aug","Wed",15,"36035","2310",43.10112778,-74.31578056,1,2,"2","0",1,"Minor arterial","Not intersection","Beside road","Non-vehicle collision","Daylight","Clear"
"360902",2015,"Sep","Fri",19,"36049","3370",43.81814167,-75.56980278,2,2,"2","0",1,"Main arterial","3-way intersection","On road","Rear or side collision","Dawn or dusk","Clear"
"360903",2015,"Nov","Fri",19,"36029","1512",42.69810833,-78.986825,1,1,"1","1",1,"Main arterial","Not intersection","On road","Non-vehicle collision","Dark","Precipitation"
"360904",2015,"Nov","Wed",18,"36025","3550",42.153475,-74.59730278,2,2,"2","0",1,"Main arterial","Not intersection","On road","Front collision","Dark","Clear"
"360905",2015,"Nov","Sat",18,"36087","6237",41.09459444,-73.93674167,1,2,"2","1",1,"Minor arterial","Not intersection","On road","Non-vehicle collision","Dark","Precipitation"
"360906",2015,"Dec","Fri",23,"36087","2700",41.11781389,-74.15583333,1,1,"1","0",1,"Interstate","Not intersection","On road","Non-vehicle collision","Dark","Foggy or cloudy"
"360907",2015,"Dec","Sat",6,"36075","2200",43.35751111,-76.26128056,1,1,"1","0",1,"Main arterial","Not intersection","Beside road","Non-vehicle collision","Dark","Foggy or cloudy"
"360908",2015,"Dec","Fri",15,"36103","5810",99.9999,999.9999,3,4,"4","0",2,"Local road","Not intersection","On road","Angled collision","Daylight","Clear"
"360909",2015,"Aug","Thu",23,"36029","0750",42.88385833,-78.88253889,1,1,"1","0",1,"Local road","Not intersection","Beside road","Non-vehicle collision","Dark","Clear"
"360910",2015,"Nov","Mon",10,"36047","4170",40.60915278,-73.957425,1,1,"1","1",1,"Main arterial","4-way intersection","On road","Non-vehicle collision","Daylight","Clear"
"360911",2015,"Dec","Sat",14,"36105","1954",41.74531111,-74.69071667,1,1,"1","0",1,"Local road","Not intersection","Beside road","Non-vehicle collision","Daylight","Clear"
"360912",2015,"Dec","Sat",9,"36027","3760",41.81118056,-73.63276944,2,4,"4","0",1,"Main arterial","Not intersection","On road","Front collision","Daylight","Clear"
"360913",2015,"Dec","Sun",2,"36013","2180",42.06458889,-79.09162222,1,4,"4","0",1,"Local road","Not intersection","Beside road","Non-vehicle collision","Dark","Clear"
"360914",2015,"Aug","Sun",1,"36103","5810",40.98289167,-72.31958056,1,2,"2","0",1,"Local road","Not intersection","Beside road","Non-vehicle collision","Dark","Clear"